Country_Name,1990_TEC_ktoe,1991_TEC_ktoe,1992_TEC_ktoe,1993_TEC_ktoe,1994_TEC_ktoe,1995_TEC_ktoe,1996_TEC_ktoe,1997_TEC_ktoe,1998_TEC_ktoe,1999_TEC_ktoe,2000_TEC_ktoe,2001_TEC_ktoe,2002_TEC_ktoe,2003_TEC_ktoe,2004_TEC_ktoe,2005_TEC_ktoe,2006_TEC_ktoe,2007_TEC_ktoe,2008_TEC_ktoe,2009_TEC_ktoe,2010_TEC_ktoe,2011_TEC_ktoe,2012_TEC_ktoe,2013_TEC_ktoe,2014_TEC_ktoe,2015_TEC_ktoe,1990_REC_%,1991_REC_%,1992_REC_%,1993_REC_%,1994_REC_%,1995_REC_%,1996_REC_%,1997_REC_%,1998_REC_%,1999_REC_%,2000_REC_%,2001_REC_%,2002_REC_%,2003_REC_%,2004_REC_%,2005_REC_%,2006_REC_%,2007_REC_%,2008_REC_%,2009_REC_%,2010_REC_%,2011_REC_%,2012_REC_%,2013_REC_%,2014_REC_%,2015_REC_%,1990_REC_ktoe,1991_REC_ktoe,1992_REC_ktoe,1993_REC_ktoe,1994_REC_ktoe,1995_REC_ktoe,1996_REC_ktoe,1997_REC_ktoe,1998_REC_ktoe,1999_REC_ktoe,2000_REC_ktoe,2001_REC_ktoe,2002_REC_ktoe,2003_REC_ktoe,2004_REC_ktoe,2005_REC_ktoe,2006_REC_ktoe,2007_REC_ktoe,2008_REC_ktoe,2009_REC_ktoe,2010_REC_ktoe,2011_REC_ktoe,2012_REC_ktoe,2013_REC_ktoe,2014_REC_ktoe,2015_REC_ktoe
Australia,56656,56215,56737,58833,60166,62273,64205,65674,66642,67681,69582,70232,69750,70872,72550,72234,72860,74995,76128,75236,76310,78793,79943,81111,81246,80870,8.009577159,8.24547226,7.516470972,8.616993882,8.259946779,8.217805712,8.86597056,9.080242836,8.595072694,8.507273787,8.423340659,8.370281372,8.738720713,7.15106567,6.680425721,6.711974547,6.853266823,6.95158629,6.789569274,7.112827151,8.109027293,8.25618115,8.247109347,9.08848191,9.278198457,9.18050296,4537.906035,4635.192231,4264.620135,5069.636011,4969.679579,5117.474151,5692.396398,5963.35868,5727.928345,5757.807972,5861.128897,5878.616013,6095.257697,5068.103262,4846.648861,4848.327694,4993.290207,5213.342138,5168.763297,5351.406635,6187.998727,6505.292814,6592.986625,7371.758562,7538.165118,7424.272744
Austria,19767,21259,20712,20969,20400,21275,23125,22848,23255,23470,23547,24984,25092,26492,26929,27161,27531,26917,26959,26345,27566,26568,26832,27473,26411,27011,25.13575415,24.49579821,26.13679158,26.35780775,25.67945465,25.63008795,24.03687734,24.8710509,24.40935442,26.43831079,26.38785604,25.48367904,24.6848697,22.57879408,23.2193673,24.17441742,26.25426252,28.60093207,29.3561662,30.51438899,30.65921657,30.98859372,33.42653748,34.68060041,35.39427334,34.39499175,4968.584523,5207.561741,5413.452272,5526.968707,5238.608749,5452.801211,5558.527885,5682.53771,5676.39537,6205.071542,6213.548462,6366.842371,6193.927505,5981.574128,6252.74342,6566.013515,7228.061014,7698.512885,7914.128846,8039.015779,8451.51964,8233.04958,8969.008537,9527.801351,9347.981532,9290.431222
Belgium,32223,34113,34501,34090,37122,37926,40266,39891,40479,40716,41802,42747,40642,41826,42390,41720,41218,40209,42506,39437,42276,39269,39693,41751,39890,41084,1.269461495,1.215081737,1.194333201,0.956473288,0.939572924,1.26038954,1.184407099,1.148478311,1.291956464,1.400650838,1.447083486,1.584987781,1.685710341,1.891079819,2.02423789,2.466935523,2.826623887,3.329081249,3.911750297,4.833459354,5.837391476,6.632065148,7.758729066,8.129434523,9.073995098,9.201640531,409.0585775,414.5008329,412.0568977,326.0617439,348.7882608,478.0153369,476.9133625,458.139483,522.9710571,570.2889952,604.9098388,677.5347267,685.1063968,790.9630451,858.0744416,1029.2055,1165.077834,1338.590279,1662.728581,1906.171365,2467.81562,2604.345663,3079.672328,3394.120208,3619.616645,3780.401996
Canada,158461,157299,160191,164201,170262,173904,179716,181828,177468,183816,187439,181115,190209,196873,201658,194232,190742,196365,191882,183738,187321,194204,193982,196541,198022,197358,22.02075369,22.19784052,21.92998463,21.80305888,21.69269302,21.92357632,21.57923752,21.31115038,21.52403671,21.70508086,21.51040106,21.00867869,21.76983695,21.18307873,21.58139664,22.24852785,22.08874861,22.12619174,22.52531404,22.70125736,22.08098938,21.96541861,22.61025847,22.37967975,22.02465154,22.02535921,34894.3065,34916.98116,35129.86168,35800.84071,36934.41299,38125.97616,38781.3425,38749.63851,38198.27747,39897.41143,40318.88064,38049.86841,41408.18916,41703.76259,43520.61284,43213.76061,42132.52087,43448.09641,43222.02309,41710.83625,41362.33012,42657.72156,43859.83159,43985.24638,43613.65547,43468.80843
Chile,11099,11800,13115,13436,14275,15241,16464,18460,18506,19665,20382,20368,20661,20803,21664,21844,22902,22885,22586,22526,23860,25075,24965,26600,24912,25011,34.02687057,37.27277893,38.61766187,35.77039777,34.81768392,34.16752513,32.2306623,29.9535581,29.74520658,29.05420071,31.36150999,32.14603397,33.06927423,31.61387155,31.43409229,32.26216584,32.90714332,30.46310654,30.82746096,31.52545784,27.04274094,28.79008756,30.30273423,30.17723846,26.71709933,24.88255427,3776.642365,4398.187914,5064.706354,4806.110644,4970.22438,5207.472505,5306.456241,5529.426825,5504.64793,5713.50857,6392.102966,6547.504199,6832.442749,6576.633699,6809.881754,7047.347506,7536.393963,6971.481932,6962.690332,7101.424633,6452.397988,7219.114456,7565.077601,8027.14543,6655.763785,6223.375648
Czech Republic,32980,29277,29067,28205,26897,27435,28004,27435,26373,25574,26119,26710,26215,27341,28115,27942,28151,27318,27530,26347,26839,25861,25936,25633,25182,25398,3.571507027,3.97518245,5.900118202,5.817441516,5.907756675,5.302877728,5.241574228,5.648484534,5.966940712,6.477149481,5.941129661,6.286779916,7.275512199,6.723767201,7.114114965,7.512847343,7.858287725,8.292580278,8.955101345,10.21416204,10.91771998,12.12060346,12.76281601,13.92371891,14.83074209,14.82856195,1177.883018,1163.814166,1714.987358,1640.80938,1589.009313,1454.844505,1467.850447,1549.661732,1573.661274,1656.466208,1551.763656,1679.198916,1907.275523,1838.34519,2000.133422,2099.239805,2212.186577,2265.36708,2465.3394,2691.125273,2930.206865,3134.509261,3310.16396,3569.066868,3734.677473,3766.158164
Denmark,13174,13963,13758,14247,14220,14508,15093,14728,14619,14549,14255,14609,14388,14706,14871,14944,15105,15149,14906,14275,14982,14271,13737,13582,13020,13579,7.041559801,7.070898966,7.747445467,7.701496592,7.330399327,7.512178032,7.2611811,8.102729547,8.517843392,9.066353468,10.73720082,11.12359996,11.86587915,12.72030738,14.44906977,16.12639783,15.26712374,17.70092817,18.54925469,19.34276393,21.35483646,23.89896727,27.28195688,27.3428386,30.27163128,33.17027717,927.6550882,987.3096226,1065.893547,1097.232219,1042.382784,1089.866789,1095.930063,1193.370008,1245.223525,1319.063766,1530.587977,1625.046718,1707.262692,1870.648403,2148.721165,2409.928892,2306.099041,2681.513608,2764.951904,2761.179551,3199.381598,3410.621619,3747.722417,3713.704339,3941.366393,4504.191937
Estonia,5671,5348,3536,2992,3004,2704,3144,3061,2833,2570,2583,2818,2730,2864,2990,3050,3060,3259,3242,2848,2976,2882,2936,3024,2893,2846,3.356078624,3.526222823,5.906591687,6.705185471,9.285196116,12.32338571,19.54482955,19.73990197,17.74648609,20.0693577,19.83711902,18.94126549,19.41578204,19.82999649,19.98714551,18.86123791,17.16307921,18.56525198,20.18899548,24.0887687,25.12989194,24.98354179,24.90855886,24.47524489,25.32605914,27.47683347,190.3232188,188.5823966,208.8570821,200.6191493,278.9272913,333.2243496,614.4894411,604.2383993,502.7579509,515.7824929,512.3927843,533.7648615,530.0508497,567.9310995,597.6156507,575.2677563,525.1902238,605.041562,654.5272335,686.0481326,747.8655841,720.0256744,731.3152881,740.1314055,732.6828909,781.9906806
Finland,22322,22140,22168,22076,23229,22377,22771,23427,24296,24368,24439,24817,25550,25895,26117,25297,26512,26613,25727,24102,26444,25005,25168,25107,24996,24441,24.50843148,24.02701841,25.1233986,26.00353667,25.13194022,27.26640999,26.87055152,28.82844554,30.49796922,30.2360817,31.6654966,29.23751726,29.51055909,28.34380294,31.08881395,31.51334983,31.24329278,31.79294837,34.7310271,32.59873157,33.58206418,35.25797986,38.80266701,38.47970587,41.23524065,43.23526259,5470.772075,5319.581876,5569.355002,5740.540755,5837.898394,6101.404563,6118.693287,6753.639937,7409.786602,7367.928389,7738.730714,7255.874658,7539.947847,7339.627771,8119.465539,7971.932106,8283.221782,8461.05735,8935.251342,7856.946283,8880.441052,8816.257864,9765.855233,9661.099753,10307.16075,10567.13053
France,141658,151994,152982,149564,148081,151189,157184,155999,160108,160585,162163,167852,163834,167184,168724,167549,165393,162247,162867,156159,159768,153942,158150,160519,150685,153073,10.40801913,11.01222193,11.25820176,10.86013257,10.93448888,10.70140869,10.49495357,9.985453187,9.709285885,9.779014352,9.256000137,9.395220909,8.668755527,8.847554419,8.887711893,8.596912157,8.460112829,9.321328315,10.47323036,11.22200621,11.8458733,10.91369044,12.37295876,13.47737443,13.34702464,13.49926232,14743.79174,16737.9166,17223.02222,16242.84868,16191.90048,16179.35278,16496.38782,15577.20712,15545.34344,15703.6302,15009.8075,15770.0662,14202.36893,14791.69538,14995.70301,14404.04035,13992.43441,15123.57555,17057.43609,17524.17268,18925.91485,16800.75334,19567.83428,21633.74666,20111.96408,20663.72581
Germany,240788,237960,232023,232452,229528,233315,242073,239054,238268,233723,231404,235432,231947,235100,234289,231667,236482,222648,230534,217397,231902,221010,223718,228909,217712,220917,2.098033775,1.988632809,2.062621895,2.110931085,2.266202061,2.319748996,2.252173834,2.824421822,3.045118906,3.263712146,3.70043759,3.89967279,4.412636787,5.058467425,5.825244433,6.764551009,7.753224656,9.406587903,8.592248257,9.63006157,10.29351964,11.39435591,12.01513573,12.08907875,13.37887823,14.2062527,5051.813566,4732.150632,4785.757199,4906.901526,5201.568267,5412.32237,5451.904765,6751.893342,7255.543915,7628.045939,8562.960601,9181.077643,10234.97865,11892.45692,13647.90693,15671.23239,18334.98073,20943.57983,19808.0536,20935.46495,23870.87792,25182.666,26880.02135,27672.98928,29127.42337,31384.02728
Greece,14494,14808,14801,14748,14859,15350,16498,17042,18037,17838,18512,19154,19558,20638,20455,20852,21445,21828,21228,20641,19485,19071,17131,15319,15509,16441,7.806882299,8.316861357,7.899382836,7.994609524,8.037282969,8.311389769,8.209182043,7.8340383,7.380368096,7.834060225,7.52078501,6.813729634,7.015577532,7.282685287,7.539981331,7.72374229,8.211680139,7.918628933,8.10995865,8.920028783,11.09298261,11.08831581,13.85937775,16.29381751,16.08579272,17.17004755,1131.52952,1231.56083,1169.187654,1179.045013,1194.259876,1275.79833,1354.350853,1335.076807,1331.196993,1397.439663,1392.247721,1305.101774,1372.106654,1503.00059,1542.303181,1610.554742,1760.994806,1728.478323,1721.582022,1841.183141,2161.467662,2114.652708,2374.250002,2496.049904,2494.745593,2822.927518
Hungary,20688,19449,17087,17022,17073,17251,17705,17079,17289,17195,17225,17851,18075,18618,18676,20475,20184,19273,19017,18576,18970,18738,17765,17868,17714,18860,3.856669561,4.27666391,4.886103146,5.046239461,5.106918467,5.417597575,5.143343973,5.23053173,5.188747806,5.158472171,5.166111848,5.121124405,5.166033218,5.009128394,4.628674222,4.664768951,5.364128636,6.140332595,6.755189413,8.399154789,13.45602883,14.74299174,16.46520462,17.19638871,15.67454982,15.55936205,797.8677988,831.7683639,834.8884446,858.9708811,871.9041899,934.5897577,910.6290504,893.3225142,897.0826082,886.9992898,889.8627658,914.1719175,933.7605042,932.5995244,864.4511977,955.1114427,1082.695724,1183.426301,1284.634371,1560.226994,2552.608669,2762.541792,2925.043601,3072.650735,2776.589755,2934.495683
Iceland,1358,1340,1378,1410,1455,1449,1520,1526,1592,1670,1768,1792,1859,1851,1910,1922,2048,2217,2558,2577,2532,2533,2609,2714,2749,2864,54.67215495,54.78742376,54.63326131,54.65954212,54.13755312,55.65071671,52.25319555,54.88195631,57.21244566,59.81767631,60.66047706,62.11936348,61.84319625,61.88160482,61.80698855,62.46559957,64.01584575,66.7515976,73.46157031,74.12387755,75.41969184,76.45085366,77.34468142,76.21949595,76.33887098,77.02968921,742.4478642,734.1514784,752.8463409,770.6995439,787.7013979,806.3788851,794.2485724,837.4986533,910.8221349,998.9551944,1072.477234,1113.178994,1149.665018,1145.428505,1180.513481,1200.588824,1311.044521,1479.882919,1879.146969,1910.172324,1909.626597,1936.500123,2017.922738,2068.59712,2098.555563,2206.130299
Ireland,7552,7700,7615,7676,8027,8105,8487,8866,9517,10023,10778,11005,10968,11039,11457,12233,12769,12333,12594,11521,11503,10469,10284,10353,10201,10494,2.279781342,2.229175901,2.158728425,2.107048335,2.175584613,1.922436471,1.934751442,1.9007389,2.27773144,2.056848,2.034167233,1.97160804,2.246424848,2.013803863,2.313448594,2.889906401,3.203652638,3.556367276,4.153371219,5.246756479,5.273538143,6.709364607,6.618548611,7.404766881,8.520669791,9.081399013,172.1690869,171.6465444,164.3871696,161.7370302,174.6341769,155.813476,164.2023549,168.5195109,216.7717011,206.157875,219.2425444,216.9754648,246.3878773,222.3038084,265.0518054,353.52225,409.0744053,438.6067761,523.0755713,604.4788139,606.6150926,702.4033807,680.6515392,766.6155152,869.1935254,953.0020124
Israel,6967,7152,7259,8240,8872,9803,10198,10549,10713,10961,11978,11722,11528,12039,12662,11952,12470,13098,13867,13921,14840,14086,13946,14090,14302,14790,5.800245158,6.025400839,6.244880714,5.891055897,5.649078182,5.43627427,5.446613082,5.697907803,6.074627123,5.868728881,5.970640521,6.297686075,6.517739749,6.520650315,6.713898323,7.000401125,6.82470273,6.650404241,8.822178689,8.417051651,8.503355,9.021751467,2.686302925,3.319186866,3.680132349,3.707766913,404.1030802,430.936668,453.315891,485.4230059,501.1862163,532.9179667,555.4456021,601.0722941,650.7748037,643.2713726,715.1633216,738.2147617,751.3650383,785.0210914,850.1138057,836.6879425,851.0404304,871.0699475,1223.371519,1171.73776,1261.897882,1270.803912,374.6318059,467.6734294,526.3325286,548.3787264
Italy,114946,117428,117394,117076,115621,120517,121753,123038,126106,129192,128839,131706,132026,138059,137947,141287,139851,138678,138517,130802,133745,127830,125414,121015,116305,118845,3.781463481,4.66941317,4.839463242,4.771495295,5.248022105,4.462278337,4.748913895,4.831419767,4.757625432,5.022459784,5.119514798,5.382566849,5.596669925,6.240586709,5.935948542,6.702639079,7.512564041,8.731729747,10.8233493,12.53975273,12.794093,11.90494027,14.39164897,16.32088504,17.09035884,16.51685058,4346.641013,5483.198497,5681.239478,5586.275832,6067.815638,5377.803983,5781.945135,5944.482253,5999.651127,6488.616244,6595.931671,7089.163494,7389.059435,8615.691605,8188.462935,9469.957676,10506.39594,12108.98818,14992.17875,16402.24737,17111.45968,15218.08515,18049.14264,19750.71903,19876.94185,19629.45107
Japan,292305,297637,300655,303926,313796,325239,329744,330686,324901,333369,337278,332816,338283,335509,340256,341275,338817,336486,314322,307699,314702,308538,305157,305918,296937,293665,4.550664024,4.730569218,4.197714901,4.435606712,3.567645778,3.917188521,3.839358437,4.072127493,4.045356051,3.828786576,3.916108019,3.73677736,3.695374373,4.079025011,4.013757492,3.65447331,4.029363809,3.752731799,3.983866936,4.035613662,4.585529562,4.693602259,4.533085434,4.91215213,5.625025887,6.297357081,13301.81848,14079.9243,12620.63974,13480.96206,11195.12975,12740.22477,12660.05408,13465.95552,13143.40226,12763.98752,13208.1708,12436.59294,12500.82329,13685.49602,13657.05069,12471.80379,13652.16958,12627.41712,12522.17023,12417.54288,14430.75324,14481.54654,13833.02752,15027.15755,16702.78312,18493.13367
Latvia,6419,6201,5159,4484,4074,3862,3799,3745,3636,3436,3299,3607,3664,3837,3941,4062,4235,4387,4173,4013,4074,3847,4005,3837,3869,3791,17.56969052,18.68121836,21.59232003,25.38211766,28.34083494,32.4288069,32.0253796,32.89142112,35.34881087,36.33113045,35.82038981,35.3472298,34.38258949,34.33766248,36.11247547,36.30050044,33.9989639,33.07538637,33.70493558,38.39414096,33.06400041,35.5339218,40.36562479,39.60303803,40.2360616,38.09801717,1127.798434,1158.422351,1113.94779,1138.134156,1154.605615,1252.400522,1216.644171,1231.783721,1285.282763,1248.337642,1181.71466,1274.974579,1259.778079,1317.536109,1423.192658,1474.526328,1439.856121,1451.0172,1406.506962,1540.756877,1347.027377,1366.989972,1616.643273,1519.568569,1556.733223,1444.295831
Lithuania,10408,11034,6764,5088,5073,5097,5070,5063,5068,4670,4395,4614,4797,4942,5096,5341,5633,6368,6158,5260,5401,5862,5980,5643,5788,5886,3.096778514,2.887549503,4.609238189,8.890993356,9.823367245,10.34126673,11.47351421,11.61951371,12.92659288,14.97327391,17.18556439,17.58941863,17.88962616,18.06564408,18.06680328,17.5096092,17.46242818,17.06213084,18.33383246,20.08648269,21.45765236,22.73827261,23.9225825,26.34251347,27.70505248,28.96117925,322.3127077,318.6122122,311.7688711,452.373742,498.3394203,527.0943652,581.7071704,588.2959791,655.1197272,699.2518916,755.3055549,811.5757756,858.1653669,892.8041304,920.6842951,935.1882274,983.6585794,1086.516492,1128.997403,1056.548989,1158.927804,1332.91754,1430.570434,1486.508035,1603.568438,1704.655011
Luxembourg,2778,2997,3030,3101,3036,2797,2890,2904,2907,3037,3256,3397,3394,3621,4028,4091,4051,3948,3985,3700,3942,3938,3851,3797,3644,3578,1.721832398,1.700140165,2.012050464,1.991929201,2.820830015,3.990915421,3.065372097,4.386336023,6.730018593,5.86317309,6.854022816,3.433020512,1.312854047,1.271846994,1.362008875,1.891072557,2.092270369,3.635015081,3.966352156,3.737162366,3.659683026,3.733296015,4.147856832,5.723199451,6.883231945,9.031313661,47.83250402,50.95320075,60.96512906,61.76972452,85.64039926,111.6259043,88.5892536,127.3791981,195.6416405,178.0645667,223.1669829,116.6197068,44.55826636,46.05357965,54.86171749,77.36377831,84.75787265,143.5103954,158.0591334,138.2750075,144.2647049,147.0171971,159.7339666,217.3098832,250.8249721,323.1404028
Mexico,83324,86125,86294,86368,90342,87022,88643,89332,91880,91937,95274,93015,93572,97355,102159,105987,111190,113511,116915,110932,117247,120321,119245,119573,118722,119811,14.41330169,13.19551185,13.42709155,13.30396934,11.86310293,13.26183323,13.06472384,12.69977739,12.23845337,12.74846132,12.16735994,11.34388488,10.68278055,10.16903862,10.21329275,10.30575562,9.824107412,9.456579741,9.769617777,9.168405481,9.359977543,9.066472235,8.964824208,9.231363457,9.758462423,9.215213455,12009.7395,11364.63458,11586.77438,11490.37224,10717.36445,11540.71251,11580.96315,11344.96514,11244.69096,11720.55288,11592.33051,10551.51452,9996.091416,9900.067549,10433.79774,10922.76121,10923.42503,10734.25823,11422.14862,10170.69557,10974.29287,10908.87006,10690.10463,11038.21823,11585.44176,11040.83939
Netherlands,53854,55878,55180,56300,56592,57716,61637,59412,59203,59083,59322,60058,60785,63086,63497,62999,62744,61594,61227,60254,65259,60407,61091,60168,55503,56430,1.201611136,1.169571601,1.213752817,1.212133263,1.26459149,1.277067851,1.28731662,1.507533301,1.570517547,1.65409445,1.751963262,1.782581591,1.933693827,1.924418912,2.239479432,2.771630523,3.151838281,3.721633781,3.973984795,4.410131668,3.873162742,4.696714057,4.962298743,5.024976324,5.659627737,5.889463079,647.1156612,653.5332192,669.7488044,682.4310271,715.657616,737.0724809,793.4633451,895.6556848,929.7935034,977.2886239,1039.299646,1070.582852,1175.395793,1214.038915,1422.002255,1746.099513,1977.589411,2292.303111,2433.15167,2657.280735,2527.587274,2837.14406,3031.517925,3023.427755,3141.263183,3323.424015
New Zealand,9764,9891,10032,10326,10914,11378,11712,11884,11759,12263,12935,12916,13487,12802,13204,12541,12691,12739,12718,12592,12995,12811,12988,13359,14259,14160,30.03059277,29.67894686,27.60858014,29.24854195,30.19779515,30.58454268,29.44858311,27.6501627,29.5896025,28.65976545,28.95808981,26.88088194,28.77021445,28.10631602,30.55535317,29.26885813,29.37904818,29.1246308,28.15952614,30.22503243,31.32269173,32.1281911,30.47484154,30.00587283,30.32263714,30.78917555,2932.187078,2935.544634,2769.69276,3020.204442,3295.787363,3479.909266,3449.018054,3285.945335,3479.441358,3514.547037,3745.728917,3471.934711,3880.238823,3598.170577,4034.528833,3670.607498,3728.495005,3710.186718,3581.328534,3805.936084,4070.38379,4115.942562,3958.072419,4008.484551,4323.70483,4359.747258
Norway,17434,17226,17031,17517,17907,18585,18921,18845,19585,19809,19799,20381,19974,20214,20487,20452,20404,20990,20961,20024,21433,20552,20642,20693,20172,20414,59.17374641,60.78488034,61.37896386,61.09732838,60.39894619,60.04712533,57.85055497,58.83887869,59.51691634,59.4149466,60.18813121,59.60640927,59.49311285,56.25686892,56.87160659,58.59180953,57.05969043,57.39006553,58.49373253,56.77092509,56.42455578,56.52932897,58.27585039,57.72594953,57.19640195,57.7720016,10316.35095,10470.80349,10453.45133,10702.41901,10815.63929,11159.75824,10945.90351,11088.18669,11656.38807,11769.50677,11916.6481,12148.38227,11883.15436,11371.76348,11651.28604,11983.19689,11642.45924,12046.17475,12260.87128,11367.81004,12093.47504,11617.90769,12029.30104,11945.23074,11537.6582,11793.57641
Poland,61438,61724,60317,64911,62852,64524,68514,67174,62271,60574,57769,57888,57274,59247,60980,61861,64841,65071,66067,65038,69977,68375,67895,66838,65205,66499,2.501484839,2.064668571,2.302748681,6.131102223,6.195140782,6.332528762,5.86500109,5.982369508,6.536805795,6.410042299,6.926653185,7.2914594,7.490107297,7.292936788,7.310031005,7.21471645,7.183965055,7.275764524,8.010540196,8.842062692,9.488623858,10.43787918,10.91514325,11.41337981,11.56931553,11.91148821,1536.862255,1274.396029,1388.948922,3979.759764,3893.769884,4086.000858,4018.346847,4018.596893,4070.534337,3882.819022,4001.458278,4220.880017,4289.884053,4320.846259,4457.656907,4463.095743,4658.154781,4734.412733,5292.323591,5750.700734,6639.854317,7136.899889,7410.83651,7628.474797,7543.772191,7921.020545
Portugal,13394,13510,14010,14030,14728,15207,15805,16670,17861,18415,19358,19490,19948,19988,20408,20460,19704,20397,19508,18917,18946,18149,16386,16224,16185,16240,26.94447493,25.78751953,22.39985615,24.36894961,24.94851063,23.74180386,25.3522361,24.54532332,22.43224103,19.01738032,20.11402495,20.82793312,18.27982187,22.09248039,19.86932538,18.07280039,22.33175137,23.14813607,23.18916935,24.89454299,27.82797757,27.21910302,25.51744089,30.17205521,30.45700808,27.15729839,3608.942972,3483.893889,3138.219847,3418.96363,3674.416646,3610.416113,4006.920916,4091.705397,4006.62257,3502.050586,3893.67295,4059.364165,3646.458867,4415.84498,4054.931924,3697.69496,4400.24829,4721.525314,4523.743157,4709.300697,5272.28863,4939.995007,4181.287864,4895.114237,4929.466758,4410.345259
Slovak Republic,15752,13365,12413,11159,10818,10972,11648,11623,11445,11252,11422,11813,11925,11377,11293,11714,11393,11532,11824,10847,11439,10968,10241,10575,9739,10034,2.225335934,2.08678407,2.318612712,4.104215353,4.717442454,4.207010486,3.905504627,3.853383866,3.630589127,3.797945468,3.728088583,6.001000951,5.481048827,5.346868056,6.247301565,6.306465482,6.567616328,8.232176727,7.629430259,9.999141564,10.27973566,10.35756693,10.47258454,10.67838221,12.24275155,13.40916822,350.5349163,278.898691,287.8093959,457.9893912,510.3329247,461.5931905,454.913179,447.8788067,415.5209256,427.3448241,425.822278,708.8982423,653.6150726,608.3131787,705.5077657,738.7393666,748.2485282,949.3346202,902.1038338,1084.606885,1175.898962,1136.017941,1072.497383,1129.238919,1192.321573,1345.475939
Slovenia,3693,3706,3395,3651,3879,4164,4587,4627,4546,4614,4646,4786,4749,4930,5081,5159,5240,5177,5518,5038,5219,5122,4996,4882,4712,4788,12.35195059,13.13077817,13.90084403,12.35673778,12.33609325,11.49482248,11.09418376,10.23270261,11.08845046,10.9503328,15.86476462,14.99182282,14.09608647,14.18373043,15.41055212,14.56625471,14.41437157,14.08997708,13.8524952,19.02836498,19.50475385,18.58643293,19.70462575,22.00563259,22.30048656,20.87739614,456.1575353,486.626639,471.9336548,451.1444963,478.5170572,478.6444081,508.8902091,473.4671498,504.0809579,505.2483554,737.0769642,717.5086402,669.4231465,699.2579102,783.0101532,751.4730805,755.3130703,729.4381134,764.3806851,958.6490277,1017.953103,951.9970947,984.4431025,1074.314983,1050.798927,999.6097272
Spain,60635,63166,63876,62364,65715,68859,69298,73229,77898,80092,85494,89594,90923,96032,99387,102063,99351,101752,98005,90955,92257,88858,84688,81103,78665,79717,10.54443118,9.921293468,8.220908383,9.079810066,9.241375679,8.264567068,10.06199181,9.154295862,8.941412249,7.681655092,7.884334625,8.933448599,7.415104871,8.899923929,8.032087626,7.289816473,8.47220721,9.005387929,9.737202935,12.21794729,14.39578579,14.74592653,15.77095021,16.9499657,17.3517358,16.25409774,6393.615846,6266.884232,5251.187439,5662.53275,6072.970027,5690.898237,6972.759084,6703.599317,6965.181314,6152.391196,6740.633044,8003.833938,6742.035802,8546.774947,7982.850929,7440.205387,8417.222585,9163.162326,9542.945736,11112.83396,13281.1201,13102.9354,13356.10231,13746.93068,13649.74297,12957.2791
Sweden,32117,32173,34093,34122,35006,35806,36842,36128,36238,35696,35297,35120,35526,34911,34762,34534,34438,34636,33789,32229,35025,33217,33263,32749,31912,32310,34.06199197,32.45879153,33.23216078,34.38515226,31.35442412,33.91418148,31.35609734,35.620611,35.65790342,34.79225049,40.00825867,37.66157584,36.14876133,34.91042646,35.82331248,39.99189533,41.12658777,42.92465517,44.86558813,47.0773642,45.97780593,46.48702965,49.9485495,48.82522226,49.69341469,53.2477698,10939.68996,10442.967,11329.84057,11732.90165,10975.92971,12143.31182,11552.21338,12869.01434,12921.71104,12419.44173,14121.71506,13226.74544,12842.20895,12187.57898,12452.89988,13810.80113,14163.1743,14867.38356,15159.63357,15172.56371,16103.72653,15441.59664,16614.38602,15989.77204,15858.1625,17204.35442
Switzerland,18244,19180,19204,18566,18131,18625,19023,18592,19083,19499,19270,19833,19307,19888,20033,20292,20168,19520,20176,19743,20557,18984,19602,20044,18370,18602,17.12391004,17.47275048,17.29862548,18.3554219,18.69457381,18.06594965,17.11697875,17.8231175,17.50425118,18.80686907,18.63012414,19.19619247,18.69186012,18.56090731,18.64231442,19.31090915,18.65681068,19.93005169,20.24202047,20.75387289,21.46036384,21.55703291,22.95850279,22.99251967,23.41814723,25.29198368,3124.086148,3351.273542,3322.028037,3407.86763,3389.513177,3364.783122,3256.162868,3313.674006,3340.336253,3667.1514,3590.024922,3807.180853,3608.837433,3691.393246,3734.614848,3918.569685,3762.705578,3890.34609,4084.03005,4097.437125,4411.606995,4092.387128,4500.325717,4608.620643,4301.913646,4704.814804
Turkey,40391,41131,42413,45718,43403,48102,52054,53715,53694,51910,57840,52110,57221,60691,63241,65378,72679,76642,73891,74470,78458,82348,86164,85568,86006,93601,24.51077696,24.18419764,24.22050637,23.82532605,24.24307665,22.09844195,21.24304374,20.84128763,21.63426895,20.55542625,17.26660897,18.11179305,17.4591762,16.27997122,16.77239302,15.29810211,14.24548625,12.48459838,12.41549787,13.32838057,14.32649611,12.78061278,12.83168463,13.84754526,11.60788754,13.37423004,9900.147922,9947.202331,10272.64337,10892.46256,10522.22256,10629.79255,11057.85399,11194.89765,11616.30437,10670.32177,9987.006628,9438.055358,9990.315213,9880.477333,10607.02907,10001.5932,10353.47695,9568.44589,9173.935531,9925.64501,11240.28232,10524.57901,11056.29274,11849.06753,9983.479758,12518.41306
United Kingdom,138167,143942,141921,144063,144355,143896,151463,147694,148075,150745,150739,150835,147950,149777,150319,148724,146005,142225,141749,132353,137988,126356,128998,129777,122867,126098,0.651133978,0.608264131,0.840737796,0.775204971,1.021428484,1.060229099,0.943586897,1.028479689,1.029704324,0.948917657,0.961901516,0.852867466,0.970071248,0.934980337,1.13725833,1.352279738,1.553919991,1.839650772,2.782791914,3.383031663,3.638918262,4.401118621,4.751257619,6.015780949,7.395220456,8.711685574,899.6522834,875.5475554,1193.183487,1116.783537,1474.483088,1525.627264,1429.185022,1519.002792,1524.734678,1430.445922,1449.960726,1286.422642,1435.220411,1400.385499,1709.515349,2011.164518,2268.800883,2616.44331,3944.57971,4477.543897,5021.270531,5561.077445,6129.027303,7807.100042,9086.285518,10985.26128
United States,1293556,1295124,1302817,1325519,1357150,1377747,1421479,1439350,1437857,1490481,1546290,1519913,1523505,1539355,1567724,1563079,1558703,1576084,1532044,1451968,1512988,1474081,1446257,1495370,1515124,1510647,4.175462186,4.507919594,4.763083108,4.281528407,4.088641398,4.726554335,4.763930451,4.514260299,4.53429689,5.709726593,5.429623689,4.67857121,4.840779184,5.326282274,5.477656518,5.841090873,6.396513971,6.304128198,6.845540835,7.354404755,7.505172055,8.164451646,8.481450408,8.713261573,8.754308954,8.716935867,54011.94163,58383.14856,62054.25646,56752.47253,55488.99673,65119.96055,67718.27094,64976.00561,65196.70523,85102.39002,83957.72814,71110.21204,73749.51291,81990.3925,85874.53587,91300.86481,99702.65516,99358.35587,104876.6976,106783.6036,113552.3526,120350.6305,122663.5702,130295.4996,132638.636,131682.1302
Brazil,111398,112889,114648,117831,123960,129199,135724,143499,148295,151753,153485,152821,157955,160100,169036,172131,177716,188052,195048,191224,211300,218243,224932,228776,232666,227745,49.86467493,48.93816849,48.70118267,48.19908801,48.35000852,46.13435665,44.53288239,43.72510837,43.86157674,44.09727587,42.79877399,41.47787881,43.02456209,45.30866138,45.38996097,46.34794058,46.90506004,47.41762519,47.26330741,49.11372304,47.00666157,45.46855053,43.6207953,42.44784254,41.84187872,43.7903892,55548.25058,55245.80903,55834.93191,56793.46739,59934.67056,59605.12745,60441.8093,62745.09326,65044.52523,66918.93905,65689.69826,63386.90918,67959.44705,72539.16687,76725.37443,79779.1736,83357.7965,89169.79252,92186.13584,93917.22575,99325.0759,99231.92873,98117.12728,97110.47625,97351.82554,99730.42188
China,657594,680411,693874,722877,742405,784257,762736,783411,789752,764455,781191,800541,839753,925820,1076285,1227114,1318943,1401758,1453511,1522046,1645014,1744159,1813217,1874099,1924054,1961099,34.08361405,33.25847354,32.9312779,31.6777918,31.24948417,29.47211139,30.53717546,30.18348168,29.73990148,30.50604898,29.73071484,28.45581538,27.09820152,23.94657959,20.24947926,18.20381865,17.09461008,15.34937114,14.60199657,13.91196227,12.88431031,11.69579699,11.96856703,11.8381669,12.22382301,12.41335257,224131.801,226294.3124,228501.5752,228991.471,231997.733,231137.0966,232918.0306,236460.7157,234871.4667,233205.0167,232253.6686,227800.469,227557.9602,221702.2232,217942.1079,223381.6072,225468.163,215161.0379,212241.6264,211746.4653,211948.7084,203993.2958,217016.092,221858.9675,235192.9556,243438.1331
India,243053,250743,256593,258850,268983,277229,283102,295042,297967,306730,315472,316461,328501,335875,348393,358130,368750,395029,420841,448311,478455,508124,515068,522239,538561,553789,58.65285835,57.60479334,57.23056748,56.98336334,55.55718746,54.484117,53.7674097,52.4880731,52.71225571,51.7172937,51.57934762,51.78721923,50.56944266,50.84279906,49.72402461,48.57530875,47.44372171,45.86780352,43.63288301,40.77082759,39.48150873,38.93174021,38.39089015,37.84984118,36.65183786,36.02122257,142557.5318,144439.987,146849.63,147501.436,149439.3895,151045.7727,152216.6122,154861.8606,157065.127,158632.455,162718.3995,163886.3518,166121.1248,170768.2513,173235.0211,173962.7532,174948.7238,181191.1256,183625.0612,182780.1049,188901.2526,197821.5156,197739.1901,197666.6321,197392.5045,199481.5683
Indonesia,79225,82080,85100,88923,93475,98480,104585,108568,106215,115052,120137,123134,122709,126864,131804,132381,137451,138708,135311,139464,145983,153412,158885,148858,150648,147309,58.59753114,57.82874174,56.82076894,55.4330117,52.81378848,50.09815781,48.75037997,47.08737494,48.29961688,45.07867761,45.58150099,44.30833333,44.63581086,42.97783588,41.42415303,41.44568581,39.93704821,39.96935654,40.15875348,38.97047862,37.75342034,38.22547215,38.23365734,38.10645359,37.45426835,36.8793481,46423.89405,47465.83122,48354.47437,49292.69699,49367.68878,49336.66581,50985.58489,51121.82122,51301.43807,51863.92016,54760.24784,54558.62316,54772.15715,54523.40171,54598.69066,54866.21333,54893.87214,55440.69507,54339.21092,54349.7883,55113.57561,58642.46133,60747.54646,56724.50469,56424.10618,54326.59889
Morocco,5646,6113,6571,6527,7078,7045,7451,7767,8006,8364,8543,8832,8962,8983,10699,11212,11611,12029,12468,12936,13221,13998,14253,14563,14538,15091,19.48255574,19.5554268,18.13514015,17.63590896,17.06127737,17.16420329,17.84958758,17.5216153,16.87740436,15.40813047,15.25900974,15.11672674,14.93612451,15.70333275,23.50541791,20.65759015,18.64916383,16.96936479,15.11902023,14.75654491,14.40785881,12.35167755,11.40499417,12.05025651,11.71858728,11.31745963,1099.985097,1195.42324,1191.660059,1151.095778,1207.597212,1209.218122,1329.972771,1360.90386,1351.204993,1288.736033,1303.577202,1335.109306,1338.575479,1410.630381,2514.844662,2316.129008,2165.354412,2041.244891,1885.039442,1908.90665,1904.863013,1728.987823,1625.553819,1754.878856,1703.648219,1707.917833
Singapore,5007,5154,4854,5021,5439,6060,6166,8298,7550,7400,8306,8904,10415,11593,12920,13460,13824,14905,11885,13038,15273,16360,15998,16920,17928,18836,0.194833724,0.495509224,0.52847069,0.515729258,0.477110597,0.452737924,0.457871819,0.431425659,0.433014805,0.426520083,0.325118893,0.595906734,0.576908092,0.575479846,0.525078849,0.535101712,0.51811873,0.503977768,0.5317358,0.478419172,0.475165157,0.469261488,0.495199918,0.555974866,0.621625223,0.708635297,9.755324561,25.5385454,25.65196729,25.89476604,25.95004537,27.43591819,28.23237636,35.79970118,32.69261778,31.56248614,27.00437525,53.0595356,60.08497778,66.71537855,67.84018729,72.02469044,71.62473324,75.11788632,63.19679983,62.37629165,72.57197443,76.77117944,79.22208288,94.07094733,111.44497,133.4785445
South Africa,51048,50293,47864,47702,49058,52285,55368,57318,57214,55362,54728,53179,55450,58100,60457,60620,61128,65511,66539,68840,62590,63564,65085,67936,67942,66189,16.62782171,17.46611882,18.36321702,18.58595006,18.56288156,18.11307968,17.4377706,17.10719134,17.27249004,18.22132003,18.50808046,19.1214417,18.32410404,17.5065632,16.76079749,16.2453417,16.37039674,15.81162909,15.98658971,15.57029253,17.07980233,16.97859476,16.63288545,16.09739397,16.5881622,17.15014125,8488.170427,8784.235138,8789.370194,8865.869898,9106.578436,9470.423711,9654.944826,9805.499932,9882.282451,10087.6872,10129.10227,10168.59148,10160.71569,10171.31322,10133.07534,9847.926139,10006.89612,10358.35633,10637.31693,10718.58938,10690.24828,10792.27397,10825.5135,10935.92557,11270.32916,11351.50699
Thailand,28926,30701,33327,36069,40031,44396,49380,50094,45635,49311,50575,52369,58720,63782,69142,69890,71606,72840,74285,78478,84900,85694,91846,95910,96598,98012,33.63913092,33.01563167,31.82377522,26.42591045,23.86782039,22.6994113,21.16347051,21.24884266,21.65097363,21.31244234,21.98813771,20.03560455,20.06692794,20.34439559,20.02466822,20.25239594,20.68693834,21.61124189,22.49108604,22.65736722,22.65487764,22.75552404,23.28982035,22.94360746,24.09572604,22.86307013,9730.45501,10136.12908,10605.90957,9531.56164,9554.52718,10077.63064,10450.52174,10644.39524,9880.421816,10509.37844,11120.50065,10492.44575,11783.30009,12976.0624,13845.4561,14154.39952,14813.08907,15741.62859,16707.50326,17781.04865,19233.99112,19500.11877,21390.7684,22005.21391,23275.98944,22408.5523
World,6267177,6333490,6311526,6349573,6383283,6536286,6645895,6729651,6743126,6872275,7032031,7069571,7187911,7409527,7745072,7979851,8180595,8408520,8478565,8378371,8837731,8951917,9052350,9209878,9304601,9407986,17.06715389,17.22381892,17.58433435,17.59843739,17.69286334,17.75534779,17.74181966,17.76830281,17.92092239,18.12984203,17.8993922,17.60150667,17.61837319,17.43409821,17.09722966,17.04344248,17.12126069,16.90830508,17.03502908,17.5116086,17.25519195,17.20977103,17.47623659,17.69905686,17.87018404,18.05375499,1069628.743,1090868.849,1109839.834,1117425.629,1129385.538,1160540.312,1179102.706,1195744.768,1208430.377,1245932.601,1258690.808,1244351.011,1266392.985,1291784.214,1324192.747,1360041.315,1400620.996,1421738.214,1444326.013,1467187.537,1524967.448,1540604.418,1582010.103,1630061.544,1662749.323,1698494.742
